{"cameraMode":{"drawMode":0,"name":"Shaded","section":"Shading Mode"},"sceneLighting":true,"audioPlay":false,"sceneViewState":{"m_AlwaysRefresh":false,"showFog":true,"showSkybox":true,"showFlares":true,"showImageEffects":true,"showParticleSystems":true,"showVisualEffectGraphs":true,"m_FxEnabled":true},"in2DMode":false,"pivot":{"x":-0.33940982818603518,"y":-0.42249393463134768,"z":0.6667194366455078},"rotation":{"x":0.14718198776245118,"y":-0.34868133068084719,"z":0.05554322898387909,"w":0.9239456653594971},"size":6.960574150085449,"orthographic":true}